coder,discourse_source,tool,text_unit-original,realism_authenticity_frame,human_creativity_cultural_frame,production_control_frame,    realism_benefit_presence,    realism_concern_presence,    human_benefit_presence,    human_concern_presence,    control_benefit_presence,    control_concern_presence,    benefit_score,    concern_score,    balance_score
Eliana,official,Sora 2,"Our latest video generation model is more physically accurate, realistic, and more controllable than prior systems. It also features synchronized dialogue and sound effects. Create with it in the new Sora app.",benefit,absent,benefit,yes,no,no,no,yes,no,2,0,2
Eliana,official,Sora 2,"Today we’re releasing Sora 2, our flagship video and audio generation model.
The original Sora model⁠ from February 2024 was in many ways the GPT‑1 moment for video—the first time video generation started to seem like it was working, and simple behaviors like object permanence emerged from scaling up pre-training compute. Since then, the Sora team has been focused on training models with more advanced world simulation capabilities. We believe such systems will be critical for training AI models that deeply understand the physical world. A major milestone for this is mastering pre-training and post-training on large-scale video data, which are in their infancy compared to language.",benefit,absent,absent,yes,no,no,no,no,no,1,0,1
Eliana,official,Sora 2,"Prior video models are overoptimistic—they will morph objects and deform reality to successfully execute upon a text prompt. For example, if a basketball player misses a shot, the ball may spontaneously teleport to the hoop. In Sora 2, if a basketball player misses a shot, it will rebound off the backboard. Interestingly, “mistakes” the model makes frequently appear to be mistakes of the internal agent that Sora 2 is implicitly modeling; though still imperfect, it is better about obeying the laws of physics compared to prior systems. This is an extremely important capability for any useful world simulator—you must be able to model failure, not just success.",benefit,absent,absent,yes,no,no,no,no,no,1,0,1
Eliana,official,Sora 2,"The model is also a big leap forward in controllability, able to follow intricate instructions spanning multiple shots while accurately persisting world state. It excels at realistic, cinematic, and anime styles.",benefit,absent,benefit,yes,no,no,no,yes,no,2,0,2
Eliana,official,Sora 2,"As a general purpose video-audio generation system, it is capable of creating sophisticated background soundscapes, speech, and sound effects with a high degree of realism.",benefit,absent,absent,yes,no,no,no,no,no,1,0,1
Eliana,official,Sora 2,"You can also directly inject elements of the real world into Sora For example, by observing a video of one of our teammates, the model can insert them into any Sora-generated environment with an accurate portrayal of appearance and voice. This capability is very general, and works for any human, animal or object.",benefit,absent,absent,yes,no,no,no,no,no,1,0,1
Eliana,official,Sora 2,"The model is far from perfect and makes plenty of mistakes, but it is validation that further scaling up neural networks on video data will bring us closer to simulating reality.",both,absent,absent,yes,yes,no,no,no,no,1,1,0
Eliana,official,Sora 2,"On the road to general-purpose simulation and AI systems that can function in the physical world, we think people can have a lot of fun with the models we’re building along the way.",benefit,absent,absent,yes,no,no,no,no,no,1,0,1
Eliana,official,Sora 2,"We first started playing with this “upload yourself” feature several months ago on the Sora team, and we all had a blast with it. It kind of felt like a natural evolution of communication—from text messages to emojis to voice notes to this.",absent,benefit,absent,no,no,yes,no,no,no,1,0,1
Eliana,official,Sora 2,"So today, we’re launching a new social iOS app just called “Sora,” powered by Sora Inside the app, you can create, remix each other’s generations, discover new videos in a customizable Sora feed, and bring yourself or your friends in via a feature called “characters”. With characters, you can drop yourself straight into any Sora scene with remarkable fidelity after a short one-time video-and-audio recording in the app to verify your identity and capture your likeness.",benefit,absent,absent,yes,no,no,no,no,no,1,0,1
Eliana,official,Sora 2,"Last week, we launched the app internally to all of OpenAI. We’ve already heard from our colleagues that they’re making new friends at the company because of the feature. We think a social app built around this “characters” feature is the best way to experience the magic of Sora 2.",absent,benefit,absent,no,no,yes,no,no,no,1,0,1
Eliana,official,Sora 2,"Concerns about doomscrolling, addiction, isolation, and RL-sloptimized feeds are top of mind—here is what we are doing about it.
We are giving users the tools and optionality to be in control of what they see on the feed. Using OpenAI's existing large language models, we have developed a new class of recommender algorithms that can be instructed through natural language. We also have built-in mechanisms to periodically poll users on their wellbeing and proactively give them the option to adjust their feed.",absent,absent,benefit,no,no,no,no,yes,no,1,0,1
Eliana,official,Sora 2,"By default, we show you content heavily biased towards people you follow or interact with, and prioritize videos that the model thinks you’re most likely to use as inspiration for your own creations. We are not optimizing for time spent in feed, and we explicitly designed the app to maximize creation, not consumption. You can find more details in our Feed Philosophy",absent,benefit,absent,no,no,yes,no,no,no,1,0,1
Eliana,official,Sora 2,"This app is made to be used with your friends. Overwhelming feedback from testers is that characters are what make this feel different and fun to use—you have to try it to really get it, but it is a new and unique way to communicate with people. We’re rolling this out as an invite-based app to make sure you come in with your friends. At a time when all major platforms are moving away from the social graph, we think characters will reinforce community.",absent,benefit,absent,no,no,yes,no,no,no,1,0,1
Eliana,official,Sora 2,"Protecting the wellbeing of teens is important to us. We are putting in default limits on how many generations teens can see per day in the feed, and we’re also rolling out with stricter permissions on characters for this group. In addition to our automated safety stacks, we are scaling up teams of human moderators to quickly review cases of bullying if they arise. We are launching with Sora parental controls⁠ via ChatGPT so parents can override infinite scroll limits, turn off algorithm personalization, as well as manage direct message settings.",absent,absent,absent,no,no,no,no,no,no,0,0,0
Eliana,official,Sora 2,"With characters, you are in control of your likeness end-to-end with Sora. Only you decide who can use your character, and you can revoke access or remove any video that includes it at any time. Videos containing a character of you, including drafts created by other people, are viewable by you at any time.",absent,absent,benefit,no,no,no,no,yes,no,1,0,1
Eliana,official,Sora 2,"There are a lot of safety topics we’ve tackled with this app—consent around use of likeness, provenance, preventing the generation of harmful content, and much more. See our Sora 2 Safety doc⁠ for more details.",absent,absent,absent,no,no,no,no,no,no,0,0,0
Eliana,official,Sora 2,"A lot of problems with other apps stem from the monetization model incentivizing decisions that are at odds with user wellbeing. Transparently, our only current plan is to eventually give users the option to pay some amount to generate an extra video if there’s too much demand relative to available compute. As the app evolves, we will openly communicate any changes in our approach here, while continuing to keep user wellbeing as our main goal.",absent,absent,absent,no,no,no,no,no,no,0,0,0
Eliana,official,Sora 2,"We’re at the beginning of this journey, but with all of the powerful ways to create and remix content with Sora 2, we see this as the beginning of a completely new era for co-creative experiences. We’re optimistic that this will be a healthier platform for entertainment and creativity compared to what is available right now. We hope you have a good time :)",absent,benefit,absent,no,no,yes,no,no,no,1,0,1
Eliana,official,Sora 2,The Sora iOS app⁠(opens in a new window) is available to download now. You can sign up in-app for a push notification when access opens for your account. We’re starting the initial rollout in the U.S. and Canada today with the intent to quickly expand to additional countries.,absent,absent,absent,no,no,no,no,no,no,0,0,0
Eliana,official,Sora 2,"After you’ve received an invite, you’ll also be able to access Sora 2 through sora.com⁠(opens in a new window). Sora 2 will initially be available for free, with generous limits to start so people can freely explore its capabilities, though these are still subject to compute constraints. ChatGPT Pro users will also be able to use our experimental, higher quality Sora 2 Pro model on sora.com⁠(opens in a new window) (and soon in the Sora app as well). We also plan to release Sora 2 in the API. Sora 1 Turbo will remain available, and everything you’ve created will continue to live in your sora.com⁠(opens in a new window) library.",absent,absent,absent,no,no,no,no,no,no,0,0,0
Eliana,official,Sora 2,"Video models are getting very good, very quickly. General-purpose world simulators and robotic agents will fundamentally reshape society and accelerate the arc of human progress. Sora 2 represents significant progress towards that goal. In keeping with OpenAI’s mission, it is important that humanity benefits from these models as they are developed. We think Sora is going to bring a lot of joy, creativity and connection to the world.",absent,benefit,absent,no,no,yes,no,no,no,1,0,1
Eliana,official,Kling 3.0 Series,"Built on a fully upgraded architecture, VIDEO 3.0 and VIDEO 3.0 Omni natively support deep multimodal instruction parsing and cross-task integration, redefining the narrative logic of light and sound. From precise long-form storyboard control to Native Audio-powered feature decoupling, the system enables dual binding of visual identity and vocal tone. Across complex multi-scene transitions, VIDEO 3.0 delivers high creative freedom with exceptional consistency",absent,benefit,benefit,no,no,yes,no,yes,no,2,0,2
Eliana,official,Kling 3.0 Series,"All-in-One Reference: Enhanced Consistency, More Responsive and Dynamic
VIDEO 3.0 introduces a powerful new All-in-One Reference capability. It supports uploading or recording a 3–8s character video, or providing multiple reference images to precisely lock in an element. Building on image-to-video generation, you can further anchor specific elements by adding multi-image or video-based elements for secondary stabilization. The system also supports extracting original audio from video or assigning a matched voice to static characters—combined with precise lip-sync driving—so every character you create can perform in their true voice.",benefit,absent,benefit,yes,no,no,no,yes,no,2,0,2
Eliana,official,Kling 3.0 Series,"Omni Narrative: 15s Multi-Shot Control, Cinematic in One Click
While preserving flexible duration control, VIDEO 3.0 introduces native storyboard capabilities and extends single-generation length to 15 seconds. You can precisely orchestrate each shot—defining duration, framing, camera movement, and narrative intent at the shot level. With a single generation, craft a rhythmically structured, multi-shot sequence—where every second is purposefully composed to serve your creative vision.",absent,absent,benefit,no,no,no,no,yes,no,1,0,1
Yuanye,official,Kling 3.0 Series,"Upgraded Native Audio Output with Character Referencing & More Languages
With a major upgrade to Native Audio, the system achieves precise mapping between text and on-screen characters. In multi-character scenes, you decide exactly who speaks—eliminating ambiguity in speaker attribution. It supports multiple languages, regional dialects, and authentic accents, even seamless code-switching within a single scene.",benefit,absent,benefit,yes,no,no,no,yes,no,2,0,2
Yuanye,official,Kling 3.0 Series,"Kling Video 3.0 introduces a unified training framework that merges visual and audio generation into a single, native stream. This update provides professional creators with an AI Director capable of automated multi-shot compositions, complex camera movements, and synchronized multilingual sound. Key advancements include 15-second continuous output, precise text rendering, and robust subject consistency that maintains character identity across diverse cinematic angles. By
The Unified Training Framework of Kling VIDEO 3.0
The foundation of the Kling VIDEO 3.0 model series rests upon a deeply unified training framework. That architecture represents a significant departure from older methods, where visual and audio elements were handled as separate modules. Through the integration of multiple tasks into a single engine, the system achieves truly native multimodal output. Creators no longer deal with fragmented clips that lack coherence. Instead, the unified engine within Kling VIDEO 3.0 processes text, images, and audio as a single stream of information.",benefit,absent,benefit,yes,no,no,no,yes,no,2,0,2
Yuanye,official,Kling 3.0 Series,"The digital landscape witnesses a massive shift as professional video creation moves into a new era. High-quality visuals now meet native sound and complex storytelling through advanced artificial intelligence. Such a leap allows creators to handle cinematic tasks with unprecedented ease. Modern technology redefines the relationship between a director and creative software.
That technical breakthrough allows for a more fluid interaction between different creative modes. Whether the input is text or a reference image, the model treats every piece of data as part of a whole. Such a system forms the basis for a philosophy where all tools work in total harmony. The result is a more responsive and dynamic generation process where characters, backgrounds, and sounds exist in a state of natural balance. The leap from previous versions to the Kling VIDEO 3.0 era focuses on narrative depth and structural control, allowing a solitary creator to take on the role of a director with confidence.",benefit,benefit,benefit,yes,no,yes,no,yes,no,3,0,3
Yuanye,official,Kling 3.0 Series,"Building on the successes of earlier models, the current engine integrates various complex tasks. These include text-to-video, image-to-video, and reference-to-video capabilities. The Kling VIDEO 3.0 model also handles video modification and transformation within the same unified training model. Through such integration, the platform reaches a standard of image realism and semantic accuracy that meets professional requirements. The synergy between text and visuals is now tighter, resulting in a system that grasps the subtle nuances of human language and artistic style. Every frame generated through Kling VIDEO 3.0 reflects a deep understanding of the intended scene.",benefit,benefit,benefit,yes,no,yes,no,yes,no,3,0,3
Yuanye,official,Kling 3.0 Series,"Multi-Shot: The Arrival of the AI Director
One of the most impressive additions in the Kling VIDEO 3.0 era is the Multi-Shot feature. That functionality serves as a built-in AI Director that understands the nuances of cinematic language. Previously, creating a scene with multiple camera angles required a long and tedious editing process. The current Kling VIDEO 3.0 model simplifies that task through one-click cinematic output. The system understands various shot types and coverage, allowing for complex narrative structures.
Cinematic Language and Automatic Composition
The Kling VIDEO 3.0 model possesses a deep understanding of cinematic languages. It can handle classic shot-reverse-shot dialogues with precision. If a creator wants a scene involving cross-cutting or complex transitions, the engine handles those adjustments automatically. That capability implies the system adjusts camera angles and compositions to match the narrative intent of the prompt. Such precision allows for the generation of a complete cinematic sequence in a single go, avoiding the need for manual cutting and external assembly.",absent,benefit,benefit,no,no,yes,no,yes,no,2,0,2
Yuanye,official,Kling 3.0 Series,"Advanced Camera Control and Transitions
Creators can specify various camera movements within Kling VIDEO 3.0, such as horizontal tracking, low-angle stabilizer movements near the ground, or wide aerial views. The AI Director understands these instructions and applies them across multiple shots while maintaining the logic of the scene. Through those features, complex audiovisual expressions become accessible to all creators, regardless of their technical background in film editing. The system effectively takes over the role of an editor, crafting a story with natural transitions and professional framing. The fluidity of movement in Kling VIDEO 3.0 sets a new benchmark for automated cinematography.",absent,benefit,benefit,no,no,yes,no,yes,no,2,0,2
Yuanye,official,Kling 3.0 Series,"Native Audio: Breaking the Barrier of Silence
The transition to Kling VIDEO 3.0 brings the end of silent visuals. The model generates visuals, voices, and sound effects simultaneously in a single pass. That native audio infusion adds a layer of realism and life to every clip. The integration of sound is not an afterthought; it is a core part of the generative process. Such a synchronized workflow provides a stronger sense of coherence and life to AI-generated visuals. Within the Kling VIDEO 3.0 environment, audio and video are born together, securing a perfect match in rhythm and atmosphere.
Multi-Language Support and Vocal Continuity
The Kling VIDEO 3.0 model also introduces upgraded native audio output with character referencing. That feature allows a character to maintain a consistent voice across different scenes. Beyond simple sound generation, the platform now supports a wide range of languages. These include Chinese, English, Japanese, Korean, and Spanish. The system provides authentic renditions of regional dialects and accents, which adds a layer of cultural depth to the storytelling.",benefit,absent,benefit,yes,no,no,no,yes,no,2,0,2
Yuanye,official,Kling 3.0 Series,"Characters can even engage in multilingual dialogues within the same scene. Through those features, Kling VIDEO 3.0 caters to a global audience, allowing for more diverse and accurate narratives. The inclusion of native audio means that the final output requires far less post-production work, as the sound and image are already perfectly aligned from the moment of generation. The Kling VIDEO 3.0 model extracts the essence of a voice and applies it to the visual performance, creating a unified sensory experience that feels grounded in reality. The ability to bind voices to characters provides a level of continuity that was previously difficult to achieve.",benefit,benefit,benefit,yes,no,yes,no,yes,no,3,0,3
Yuanye,official,Kling 3.0 Series,"Subject Consistency: Core Elements Locked In
Maintaining a consistent look for characters and items is a vital part of filmmaking. Kling VIDEO 3.0 introduces enhanced subject consistency specifically for image-to-video tasks. The model locks in core elements to guarantee that the traits of characters and items remain stable throughout the video. Regardless of camera movement or scene development, the key subjects remain recognizable and coherent.",benefit,absent,benefit,yes,no,no,no,yes,no,2,0,2
Yuanye,official,Kling 3.0 Series,"Such stability allows creators to build persistent worlds where characters do not shift in appearance from frame to frame. The system anchors the visual identity of a subject, allowing the camera to move dramatically while keeping the focus on the established traits. That level of control is essential for narrative work where character recognition is paramount. Through anchoring these traits, the Kling VIDEO 3.0 model reaches a standard of consistency required for industrial-grade content.",absent,benefit,benefit,no,no,yes,no,yes,no,2,0,2
Yuanye,official,Kling 3.0 Series,"The model leverages deep multimodal understanding to treat all inputs鈥攊ncluding reference images and text鈥攁s a unified prompt. That approach results in a significant improvement in element consistency compared to older models. The result is a more mature and usable work where every frame adheres to the visual standards set by the creator. Even in complex scenes with multiple moving parts, the primary subject remains the same, securing the narrative integrity of the piece. Kling VIDEO 3.0 maintains that stability through advanced reasoning algorithms that track every pixel of the subject.",benefit,absent,benefit,yes,no,no,no,yes,no,2,0,2
Yuanye,official,Kling 3.0 Series,"15-Second Generation and Narrative Flow
The Kling VIDEO 3.0 model breaks through previous duration limits, allowing for continuous generations up to 15 seconds. While older versions were limited to shorter bursts, the current 15-second window provides enough space for complex action sequences. Creators can choose a flexible duration between 3 and 15 seconds, depending on the needs of the scene.",absent,absent,benefit,no,no,no,no,yes,no,1,0,1
Yuanye,official,Kling 3.0 Series,"That extra time is crucial for unfolding a long shot or showing the progression of multiple plotlines. Instead of a series of short, disconnected moments, the 15-second generation through Kling VIDEO 3.0 allows for a story with a real sense of flow and progression. It gives the narrative the room it needs to breathe, allowing for subtle character reactions or the gradual build-up of tension within a single work.
The ability to generate longer clips without losing quality or consistency is a major technical achievement. It allows creators to present complex action sequences and scene developments in their entirety. Through those longer outputs, the platform expands the creative boundaries of AI-powered video creation, turning a textual description into a fluid narrative. One no longer needs to worry about fragmented assembly, as a story with real progression can now be fully presented within a single generation of Kling VIDEO 3.0. That extension of time opens doors for professional storytellers who require more than just a brief snippet.",absent,benefit,benefit,no,no,yes,no,yes,no,2,0,2
Yuanye,official,Kling 3.0 Series,"Precise Lettering and Visual Realism
A common struggle for AI video models involves the accurate rendering of text. Kling VIDEO 3.0 addresses that challenge through native-level text output. The model features precise lettering capabilities, allowing for clear and accurate words to appear within the generated video. Whether it is a sign on a storefront, a neon billboard in a futuristic city, or words on a document, the system renders characters with high fidelity.",benefit,absent,benefit,yes,no,no,no,yes,no,2,0,2
Yuanye,official,Kling 3.0 Series,"That precision is a result of improved semantic response accuracy. The Kling VIDEO 3.0 model interprets the intentions of the user more effectively, leading to fewer visual distortions. The overall realism of the images is significantly higher, with characters performing in a more expressive and dynamic manner. Movement feels more natural, and the visual quality meets the high standards of the digital media industry.",benefit,absent,benefit,yes,no,no,no,yes,no,2,0,2
Yuanye,official,Kling 3.0 Series,"The model even handles complex artistic prompts with ease. For example, a prompt describing a high-contrast romantic cinematic color grading with a cold blue night and silvery starry sky can be rendered with poetic realism. The movement of the characters and the environment remains fluid and natural, creating a professional look that was previously difficult to achieve without extensive manual work. Kling VIDEO 3.0 captures the fine details of hair, skin texture, and environmental lighting, rendering scenes that are visually stunning and emotionally resonant. Every generation through Kling VIDEO 3.0 showcases a level of detail that rivals traditional cinematography.",benefit,benefit,benefit,yes,no,yes,no,yes,no,3,0,3
Yuanye,official,Kling 3.0 Series,"Through those advancements, Kling VIDEO 3.0 provides a toolset that caters to both hobbyists and professional filmmakers. The ability to handle complex shots and maintain consistency without external editing is a major shift in the field. The platform handles the complexity, allowing the user to act as the creative visionary.",absent,benefit,benefit,no,no,yes,no,yes,no,2,0,2
Yuanye,official,Kling 3.0 Series,"A Practical Workflow for Modern Directors
Using Kling VIDEO 3.0 allows for a more streamlined creative process. A typical workflow might begin with a reference image to establish the look of a character or a scene. Through the use of enhanced subject consistency, the creator guarantees that the visual identity remains stable throughout the generation. That character can then be used in various shots while maintaining the same traits.",absent,absent,benefit,no,no,no,no,yes,no,1,0,1
Yuanye,official,Kling 3.0 Series,"With the subject established, the creator can use the Multi-Shot prompting system within Kling VIDEO 3.0 to describe a narrative sequence. The user might specify distinct shots within a 15-second generation, such as a wide shot of a character entering a room, followed by a close-up of their reaction. The AI Director handles the transitions, camera angles, and ambient sound automatically. Using these tools, a creator can focus on the artistic vision rather than the technical hurdles.",absent,benefit,benefit,no,no,yes,no,yes,no,2,0,2
Yuanye,official,Kling 3.0 Series,"The combination of native audio and element consistency means the final output requires minimal editing. Such a process makes complex expressions accessible to all types of creators. The power to turn a textual description into a cinematic reality is now within reach for everyone. Through those tools, the era of solo filmmaking becomes a practical reality. Every user now possesses the ability to produce high-quality work with a single click in Kling VIDEO 3.0.",absent,benefit,benefit,no,no,yes,no,yes,no,2,0,2
Yuanye,official,Kling 3.0 Series,"Future Outlook of the Kling VIDEO 3.0 Era
The launch of Kling VIDEO 3.0 redefines the boundaries of AI storytelling. As the tools for consistency, audio, and cinematic control become more accessible, the barriers to entry continue to fall. The platform continues to evolve, with the unification of tasks into a single training model suggesting a future where AI can handle even more complex narrative structures.",absent,benefit,benefit,no,no,yes,no,yes,no,2,0,2
Yuanye,official,Kling 3.0 Series,"Through the ongoing enhancement of realism and semantic accuracy, the gap between AI-generated content and traditional cinema continues to shrink. Kling VIDEO 3.0 serves as a powerful engine for creativity, providing the necessary tools to build scenes with depth, sound, and emotional resonance. It is not just an update; it is a fundamental shift in how digital media is produced and consumed.",benefit,benefit,benefit,yes,no,yes,no,yes,no,3,0,3
Yuanye,official,Kling 3.0 Series,"Kling VIDEO 3.0 gives every user the power of a director. The ability to lock in core elements and generate 15 seconds of cinematic flow marks the beginning of a new chapter in digital media. Creators now have the freedom to tell stories that were previously impossible to produce without a large team and a massive budget. Such a launch is the first step toward a future where imagination is the only limit to cinematic creation.
The launch of the Kling VIDEO 3.0 model series marks a new era for AI video creation. Through the combination of native audio, character consistency, and cinematic shot control, the platform gives every user the power of a director. Narrative storytelling becomes more fluid as creators generate 15-second clips with precise detail and sound. These tools simplify the professional workflow, allowing for high-quality cinematic results without the need for complex editing software.",absent,benefit,benefit,no,no,yes,no,yes,no,2,0,2
Yuanye,official,Veo 3,"Veo 3.1 is engineered to meet the demands of real-world applications. Now supporting stunning 4K output alongside configurable landscape (16:9) and portrait (9:16) aspect ratios, it is designed for high-quality production needs.",benefit,absent,benefit,yes,no,no,no,yes,no,2,0,2
Yuanye,official,Veo 3,"This latest release represents a significant leap in generative video, delivering enhanced realism, better prompt adherence, and richer native audio. Veo 3.1 introduces a suite of advanced creative controls, including updated reference image capabilities—now available in both portrait and landscape—to guide character and style consistency across any format. Along with features to extend clips and generate seamless transitions, the model has been fine-tuned to produce more expressive and creative outputs, offering unprecedented control to bring your most ambitious visions to life.",benefit,benefit,benefit,yes,no,yes,no,yes,no,3,0,3
Zhenming,official,Veo 3,"Video generation meets audio
Bring your generated videos to life with native audio generation
Veo 3 pairs audio with the context of what you’re generating so you can bring your stories to life in a way you couldn’t before",benefit,benefit,benefit,yes,no,yes,no,yes,no,3,0,3
Zhenming,official,Veo 3,"Realism like you’ve never seen
Best in class quality, excelling in physics, realism and prompt adherence
Create videos that interplay light, shadow, and real-world physics for an unprecedented level of realism",benefit,absent,benefit,yes,no,no,no,yes,no,2,0,2
Zhenming,official,Veo 3,"Veo 3 Fast: Build and Iterate Quicker
Optimized for speed and price, Veo 3 Fast allows for rapid development and high-quality video output. Now you can generate video with audio from text or an image, making it perfect for building apps that need to produce social media content or ad creatives on the fly",absent,benefit,benefit,no,no,yes,no,yes,no,2,0,2
Zhenming,official,Veo 3,"Introducing Veo 3, our video generation model with expanded creative controls – including native audio and extended videos.",absent,absent,benefit,no,no,no,no,yes,no,1,0,1
Zhenming,official,Veo 3,"Re-designed for greater realism
Greater realism and fidelity, made possible by Veo 3’s real world physics and audio.",benefit,absent,absent,yes,no,no,no,no,no,1,0,1
Zhenming,official,Veo 3,"Follows prompts like never before
Improved prompt adherence, meaning more accurate responses to your instructions.",absent,absent,benefit,no,no,no,no,yes,no,1,0,1
Zhenming,official,Veo 3,"Improved creative control
Offers new levels of control, consistency, and creativity – now across audio.",absent,absent,benefit,no,no,no,no,yes,no,1,0,1
Zhenming,official,Veo 3,"Introducing Veo 3.1
Video, meet audio. Our latest video generation model, designed to empower filmmakers and storytellers.",absent,benefit,absent,no,no,yes,no,no,no,1,0,1
Zhenming,official,Veo 3,"Veo 3 lets you add sound effects, ambient noise, and even dialogue to your creations – generating all audio natively. It also delivers best in class quality, excelling in physics, realism and prompt adherence.",absent,absent,benefit,no,no,no,no,yes,no,1,0,1
Zhenming,official,Veo 3,"Greater control, consistency, and creativity than ever before.",absent,absent,benefit,no,no,no,no,yes,no,1,0,1
Zhenming,official,Veo 3,"Add ingredients to your video
Make sure videos align with your creative vision by giving Veo reference images of a scene, a character, or an object to guide its generation. Now includes audio.",absent,absent,benefit,no,no,no,no,yes,no,1,0,1
Zhenming,official,Veo 3,"Match your style
Capture your desired aesthetic by providing a style reference image, and Veo will generate videos with the same visual style, from paintings to cinematic looks.",absent,absent,benefit,no,no,no,no,yes,no,1,0,1
Zhenming,official,Veo 3,"Keep your characters consistent
Ensure characters maintain their appearance across different scenes in your videos by giving Veo reference images of your character.",absent,absent,benefit,no,no,no,no,yes,no,1,0,1
Zhenming,official,Veo 3,"Extend your scene
Extend clips into longer, more dynamic videos. Use the last second of your first shot to continue the story – while maintaining visual and audio consistency.",absent,absent,benefit,no,no,no,no,yes,no,1,0,1
Zhenming,official,Veo 3,"Camera controls
Precisely control the framing and exact movement of shots in your video using camera controls.",absent,absent,benefit,no,no,no,no,yes,no,1,0,1
Zhenming,official,Veo 3,"First and last frame
Create smooth, artful, and epic transitions between images provided for the first and last frame.",absent,absent,benefit,no,no,no,no,yes,no,1,0,1
Zhenming,official,Veo 3,"Outpainting
Go beyond the original frame. Outpainting expands your video with new, matching parts that look real, helping it fit any screen size or shape.",benefit,absent,benefit,yes,no,no,no,yes,no,2,0,2
Zhenming,official,Veo 3,"Add object
Reimagine videos by introducing new objects - from realistic details to fantastical elements. Veo considers scale, interactions, and shadows to create a natural, realistic-looking video.",benefit,absent,benefit,yes,no,no,no,yes,no,2,0,2
Zhenming,official,Veo 3,"Remove object
Seamlessly eliminate unwanted objects from videos - from distracting details to large items. Veo preserves the scene's natural composition, interactions, and shadows.",absent,absent,benefit,no,no,no,no,yes,no,1,0,1
Zhenming,official,Veo 3,"Character controls
Bring characters to life, using your body, face and voice to animate them.",benefit,absent,benefit,yes,no,no,no,yes,no,2,0,2
Zhenming,official,Veo 3,"Motion controls
Define the exact movement of objects in your video. Select an object and define their path, and Veo will bring them to life in motion.",absent,absent,benefit,no,no,no,no,yes,no,1,0,1
Zhenming,official,Veo 3,"Professional grade resolution
Generate outputs in 1080p and 4K. 1080p resolution offers a sharper, cleaner video perfect for editing, while 4K captures rich textures and stunning clarity—ideal for high-end productions.",absent,absent,benefit,no,no,no,no,yes,no,1,0,1
Zhenming,official,Veo 3,"Performance
Veo 3.1 is a new era for video generation. It's state of the art in text-to-video, image-to-video, text-to-audio+video generation, and realistic physics.
Veo’s ingredients to video, Scene Extension, First and Last Frame, and Object Insertion capabilities have achieved state of the art results in head-to-head comparisons of outputs by human raters on internal benchmarks.",benefit,absent,benefit,yes,no,no,no,yes,no,2,0,2
Zhenming,official,Veo 3,"Safety
From development to deployment
We built Veo with responsibility and safety in mind. We block harmful requests and results, we test how new features might affect safety, and we have both our own teams and outside experts try to find and fix potential problems before release.",absent,absent,absent,no,no,no,no,no,no,0,0,0
Zhenming,official,Veo 3,"It's crucial to introduce technologies such as Veo in a responsible way. To achieve this, videos made with Veo will be marked with SynthID, our advanced technology for watermarking and detecting content generated by AI. Additionally, Veo outputs will undergo safety evaluations and checks for memorized content to reduce potential issues related to privacy, copyright infringement, and bias.",absent,absent,absent,no,no,no,no,no,no,0,0,0
Zhenming,official,Veo 3,"Limitations
While Veo continues to make incredible strides in video generation, creating videos with natural and consistent spoken audio, particularly for shorter speech segments, remains an area of active development. We're continuously working to refine audio synchronization and eliminate instances of incoherent speech.",absent,absent,concern,no,no,no,no,no,yes,0,1,-1
Eliana,user,Sora 2,Honestly this is insanely unsettling,absent,absent,absent,no,no,no,no,no,no,0,0,0
Eliana,user,Sora 2,"Back in 2022, When people thought that AI aren’t that big of a deal. Until it starts to exponentially grow now. 
 This could lead to problematic results of this world.
 We should use AI only for medical, engineering proposes. We shouldn’t use it for creativity. That would harm the humanity or lead to the destruction of humanity itself.",absent,concern,absent,no,no,no,yes,no,no,0,1,-1
Eliana,user,Sora 2,Sora 3 when?,absent,absent,absent,no,no,no,no,no,no,0,0,0
Eliana,user,Sora 2,"Im not really proud of this actually, THINK OF THE FUTURE, where you dont know of its real or AI, dont you think? Geez man",concern,absent,absent,no,yes,no,no,no,no,0,1,-1
Eliana,user,Sora 2,"we are so cooked ,like all of us completely",absent,absent,absent,no,no,no,no,no,no,0,0,0
Eliana,user,Sora 2,"this is dope, i love how it flows",absent,absent,benefit,no,no,no,no,yes,no,1,0,1
Eliana,user,Sora 2,I’m gonna be doing some scamming when I’m older!,concern,absent,absent,no,yes,no,no,no,no,0,1,-1
Eliana,user,Sora 2,who knew learning could be this fun lol,absent,benefit,absent,no,no,yes,no,no,no,1,0,1
Eliana,user,Sora 2,Open AI.... ruining the world one new app at a time.,absent,absent,absent,no,no,no,no,no,no,0,0,0
Eliana,user,Sora 2,"Doesn't prove anything, I need the Will Smith spaghetti benchmark.",concern,absent,absent,no,yes,no,no,no,no,0,1,-1
Eliana,user,Sora 2,"Well this is it guy's, welcome to the future",absent,absent,absent,no,no,no,no,no,no,0,0,0
Eliana,user,Sora 2,Nice slop machine bros,absent,concern,absent,no,no,no,yes,no,no,0,1,-1
Eliana,user,Sora 2,And it's only going to get better,absent,absent,absent,no,no,no,no,no,no,0,0,0
Eliana,user,Sora 2,Boo! Delete it. It’s only going to make the world worse.,absent,absent,absent,no,no,no,no,no,no,0,0,0
Eliana,user,Sora 2,"At this point it is genuinly scary, laws won't work on video proofs anymore , deepfakes would be more realistic than ever , much of the work of content creators are gonna vanish , 
 People could forge crime scenes , other bad content with ease , ai was never meant to go beyond simple chatgpt . I believe beyond text ais and chat bots ai was never meant to be used by the general public. These sort of high end stuff should be reserved for research and stuff not for public use , as a hot take , ngl I sort of hate ai now , so many jobs will be removed , so many deepfakes will happen",concern,concern,absent,no,yes,no,yes,no,no,0,2,-2
Eliana,user,Sora 2,this is kinda cool but i’m confused lol,absent,absent,absent,no,no,no,no,no,no,0,0,0
Eliana,user,Sora 2,there is a MASSIVE difference from what the people at openAI thought we would make with sora 2 and what we actually made with it,absent,absent,absent,no,no,no,no,no,no,0,0,0
Eliana,user,Sora 2,this is really upsetting wtf,absent,absent,absent,no,no,no,no,no,no,0,0,0
Eliana,user,Sora 2,this is a horrible thing actually,absent,absent,absent,no,no,no,no,no,no,0,0,0
Eliana,user,Sora 2,can't wait to be able to create infinite anime episodes so i can enter new universes eternally,absent,benefit,absent,no,no,yes,no,no,no,1,0,1
Eliana,user,Sora 2,Look if I can get Flame of Recca the remake it rightfully deserve then big whoop for the animators,absent,benefit,absent,no,no,yes,no,no,no,1,0,1
Eliana,user,Sora 2,"The virtual world is becoming more and more real, and reality is becoming more and more virtual. I can hardly tell which is virtual and which is real anymore.
 
 LoL",concern,absent,absent,no,yes,no,no,no,no,0,1,-1
Eliana,user,Sora 2,"At this rate, animators will be a thing of the past",absent,concern,absent,no,no,no,yes,no,no,0,1,-1
Eliana,user,Sora 2,"Still looks like slop, better luck next time!",absent,concern,absent,no,no,no,yes,no,no,0,1,-1
Eliana,user,Sora 2,"In what world is an AI video of some dog flying through space worth the danger this imposes on society? ChatGPT hasn’t even been around that long and we were doing pretty well before that. People literally use it to write comments on YouTube videos now lmao. What a great existence, just rotting in your bed and having AI do everything for you.",absent,concern,absent,no,no,no,yes,no,no,0,1,-1
Eliana,user,Sora 2,"This was totally a good idea, thanks OpenAI.",absent,absent,absent,no,no,no,no,no,no,0,0,0
Eliana,user,Sora 2,this technology is actually becoming dangerous and needs regulation,absent,absent,absent,no,no,no,no,no,no,0,0,0
Eliana,user,Sora 2,AI slop,absent,concern,absent,no,no,no,yes,no,no,0,1,-1
Eliana,user,Sora 2,"God, we are all so screwed.",absent,absent,absent,no,no,no,no,no,no,0,0,0
Eliana,user,Sora 2,this should never have been created,absent,absent,absent,no,no,no,no,no,no,0,0,0
Eliana,user,Sora 2,AI slop is gone !,absent,benefit,absent,no,no,yes,no,no,no,1,0,1
Eliana,user,Sora 2,"Content Violation, out of nowhere
 OpenAI, fix your dang app.",absent,absent,concern,no,no,no,no,no,yes,0,1,-1
Eliana,user,Sora 2,We're gonna be seeing so much more AI slop 😭😭,absent,concern,absent,no,no,no,yes,no,no,0,1,-1
Eliana,user,Sora 2,At least it's not the dark times,absent,absent,absent,no,no,no,no,no,no,0,0,0
Eliana,user,Sora 2,royalty level ai slop hooray!,absent,concern,absent,no,no,no,yes,no,no,0,1,-1
Eliana,user,Sora 2,At least it cant recreate Geometry dash perfectly!,concern,absent,absent,no,yes,no,no,no,no,0,1,-1
Eliana,user,Sora 2,the invite code concept has gotta be the dumbest thing for a release bro,absent,absent,concern,no,no,no,no,no,yes,0,1,-1
Eliana,user,Sora 2,We're must be Stand With Animation right now!!!,absent,concern,absent,no,no,no,yes,no,no,0,1,-1
Eliana,user,Sora 2,THE ANIME CLIP IS AI??,benefit,absent,absent,yes,no,no,no,no,no,1,0,1
Eliana,user,Sora 2,what's the point of making this???,absent,absent,absent,no,no,no,no,no,no,0,0,0
Eliana,user,Sora 2,"When AI is unstable: ""fuck ai because its stupid its not gonna go anywhere""
 When AI is fixes its problems: ""fuck ai because its gonna take over the world""",absent,absent,absent,no,no,no,no,no,no,0,0,0
Eliana,user,Sora 2,This isn't enough to bring about the future I foresaw. Your technology must weild more influence and capability.,absent,absent,concern,no,no,no,no,no,yes,0,1,-1
Eliana,user,Sora 2,every time i think ai generated stuff can’t get any worse i does,absent,concern,absent,no,no,no,yes,no,no,0,1,-1
Eliana,user,Sora 2,This not good...,absent,absent,absent,no,no,no,no,no,no,0,0,0
Eliana,user,Sora 2,"Ah yes, let’s just completely erode trust and truth in our society, surely there won’t be horrific consequences.",concern,absent,absent,no,yes,no,no,no,no,0,1,-1
Eliana,user,Sora 2,"Damn, never thought that my almost 30yo. Ass is getting scammed in the future, feeling like these boomers when Microsoft India calls",concern,absent,absent,no,yes,no,no,no,no,0,1,-1
Eliana,user,Sora 2,"Sora 2?
 Don't you mean Skynet 3.0?",absent,absent,absent,no,no,no,no,no,no,0,0,0
Eliana,user,Sora 2,we build the torment nexus,absent,absent,absent,no,no,no,no,no,no,0,0,0
Eliana,user,Sora 2,oh so i'm getting all my money stolen when i'm a crinkly old man got it,concern,absent,absent,no,yes,no,no,no,no,0,1,-1
Eliana,user,Sora 2,man-made horrors beyond human comprehension,absent,absent,absent,no,no,no,no,no,no,0,0,0
Yuanye,user,Kling 3.0 Series,"Yup, you have a new user. Looks like it has everything i would need",absent,absent,benefit,no,no,no,no,yes,no,1,0,1
Yuanye,user,Kling 3.0 Series,But where is the fun... Why is everything related to women only? Where are men? Where are heroes? 😢,absent,concern,absent,no,no,no,yes,no,no,0,1,-1
Yuanye,user,Kling 3.0 Series,"Kling CEO: IT'SSSSSSSSSSSSSSSSSSSSS TIMEEEEEEEEEEEEEEEEE to make a promo for Kling 3 release.
 Intern at Kling hearing the CEO shout like Bruce Buffer: Here's an AI generated Rose Namajunas :p
 Kling CEO: Approved!",absent,absent,absent,no,no,no,no,no,no,0,0,0
Yuanye,user,Kling 3.0 Series,Still has that waxy AI slop look with oversaturated colors.,concern,absent,absent,no,yes,no,no,no,no,0,1,-1
Yuanye,user,Kling 3.0 Series,Good for KlingAi... just is the new benchmark,absent,absent,benefit,no,no,no,no,yes,no,1,0,1
Yuanye,user,Kling 3.0 Series,"Like I said, but v5 Hollywood is dead.",absent,concern,absent,no,no,no,yes,no,no,0,1,-1
Yuanye,user,Kling 3.0 Series,why Kling 3 takes so long for image-to-video generation? It takes almost 3 hours for each video.,absent,absent,concern,no,no,no,no,no,yes,0,1,-1
Yuanye,user,Kling 3.0 Series,Hollywood cooked.😮,absent,concern,absent,no,no,no,yes,no,no,0,1,-1
Yuanye,user,Kling 3.0 Series,Terrible violence disgusting video. Sad that this what you using to promote your technology,absent,concern,absent,no,no,no,yes,no,no,0,1,-1
Yuanye,user,Kling 3.0 Series,"This is a game changer, Damn !",absent,absent,benefit,no,no,no,no,yes,no,1,0,1
Yuanye,user,Kling 3.0 Series,This is not real model. This is bolliwood under the hood sir !,concern,absent,absent,no,yes,no,no,no,no,0,1,-1
Yuanye,user,Kling 3.0 Series,I love you. My new episode is waiting for this ❤,absent,absent,absent,no,no,no,no,no,no,0,0,0
Yuanye,user,Kling 3.0 Series,This is about to make my movies to the next level ❤,absent,absent,benefit,no,no,no,no,yes,no,1,0,1
Yuanye,user,Kling 3.0 Series,"All in one, ONE FOR ALL? Well With this update we can really GO BEYOND, this Is a really PLUS ULTRA moment for the film and entertainment industry",absent,benefit,benefit,no,no,yes,no,yes,no,2,0,2
Yuanye,user,Kling 3.0 Series,"Kling, if you're reading this, I want to give you a huge recommendation that I'm not sure if this latest 3.0 and Omni release have mastered. We need more fine-tune control over the voice generation for characters. Let me explain what I mean. In order for any video generator to be able to get to ElevenLabs quality of voices not sounding too ""AI'ish"" (digitally manufactured), we need pretty much as close as possible to the fine-tune controls over the tone and pitch of voice generation, as seen in ElevenLabs. Many pros in this field, still lean on generating the audio narration of people speaking, via ElevenLabs, and then port the audio files from ElevenLabs over to the video generator (Kling). While it is awesome that the voice and narrations can be generated natively inside the Video generated clip, if the voice still sounds too digitally manufactured, it becomes a ""pro vs con"" between two different workflows. If we go with the native voice gen inside Kling (for example), we get tight lip sync and integrated facial expressions, but a possible inferior voice tone. If we go the ElevenLabs workflow, where we generate the spoken lines before generating the video in Kling, we get as lifelike as possible vocals, but risk getting reduced lip sync accuracy by the time it gets used in the video generation. The best of both worlds, is to have Kling be able to fine tune the vocals of a character, by having a wider variety of vocal tones, and also being able to prompt to tell the video generator, 'how' we want the character to sound, and simply via prompting, the vocal tones are tweaked to sound as accurate (and lifelike) as possible the characters in the video generation. Who knows, it might be something as easy as letting us add a ""sample audio file"" from ElevenLabs into Kling, and Kling takes that audio file simply as a vocal reference of what the character's voice should sound like, so then at that point ElevenLabs is only used to make a short 5-10 second vocal audio file, and then Kling having ""listened"" to the vocal sample audio file, knows how to make our character sound from then on, anytime we prompt that character to speak their lines. If this is something that Kling 3.0 and Omni 3 can already do, there needs to be more vidoe tutorials ASAP. If the vocals prompting thing is not there yet in Kling 3.0 and Omni 3, I just gave you your next objective to master in future roll-outs. It looks like this latest version has done tremendous work to advance camera control, scene control, and even lip sync control, but we need that final polish that is so absolutely important to high quality compelling storytelling, where the characters' voices need to have fine-tuned realism, so that 10,000 videos out there don't have the same 50 sounding voices. ☺️🙏🏼",both,benefit,both,yes,yes,yes,no,yes,yes,3,2,1
Yuanye,user,Kling 3.0 Series,"Been using Kling almost daily since the first day it launched, and these updates just keep getting more and more epic! 2026 is already off to an amazing start!",absent,absent,benefit,no,no,no,no,yes,no,1,0,1
Yuanye,user,Kling 3.0 Series,"The Multi-Shot feature in Kling is a great addition. But what would make it even better is if we could upload an image for each shot. If I’m doing a 15 second generation, I might have up to 5 shots in there (3 seconds per shot). In this case, it’s a lengthy generation, so I want to be able to at least upload an image for each shot. It’s not enough to just have a single Start Frame & End Frame for the entire 15 second generation. Instead, I want to be able to upload an image for each shot in that generation, so the AI will be able to use ‘Image to Video’ for each shot, instead of guessing what each of the 5 different shots will look like. As someone who really wants to be the director of my own AI film, this level of control truly matters.",absent,benefit,both,no,no,yes,no,yes,yes,2,1,1
Yuanye,user,Kling 3.0 Series,Wish there were tutorials for the product releases ... so overwhelming in a good way.,absent,absent,benefit,no,no,no,no,yes,no,1,0,1
Yuanye,user,Kling 3.0 Series,"THIS IS FREAKING AMAZING!!!
 Now it's only a matter of time before we get a Kling World Model too...",absent,benefit,absent,no,no,yes,no,no,no,1,0,1
Yuanye,user,Kling 3.0 Series,"Ok you guys need to stop advertising new models like they are OUT NOW when they aren't ... For a week at least I've been seeing all kinds of demos around 3.0 . I was building a project in 2.6 - decided to restart fresh .. rebuild a whole ChatGPT project folder around 3.0 to help with storyboard, 3.0 capabilities, etc .... only to then realize it's only out for Ultra subscribers - NOT general public .. and I couldn't be more mad. I should of checked on the platform first, yes... I must not be the only one in this situation so there, its said.",absent,absent,concern,no,no,no,no,no,yes,0,1,-1
Yuanye,user,Kling 3.0 Series,"Very Epic, but make sure it doesn't replace actual actors and directors (No, I'm not that stupid to think that it's possible now, but who knows what will come next)",absent,concern,absent,no,no,no,yes,no,no,0,1,-1
Yuanye,user,Kling 3.0 Series,They should have made trailer similar to kling 2.0 trailer this video looks less interesting and boring,absent,absent,absent,no,no,no,no,no,no,0,0,0
Yuanye,user,Kling 3.0 Series,but why subscribers (non-ultra plan) can't try it ? while outsiders could try it for free (10 credits) in official site? so strange,absent,absent,concern,no,no,no,no,no,yes,0,1,-1
Yuanye,user,Kling 3.0 Series,"This is close, but I’m hoping for a few more improvements to increase control. As someone who wants to direct my own AI movie, I want control over the composition of each shot. I also want control over the facial expressions of each character in the scene (sure, the acting has definitely improved in this version of Kling, but good acting doesn’t necessarily mean that it fits the specific vibe I’m looking for). Most importantly, I want to choose consistent voices, so my character’s voice won’t change into something different in each generation. The consistent voices need to work not just with shots that only have a single character, but also with shots where multiple characters appear. In other words, if a generation has shots with multiple consistent characters, then I need to be able to select multiple consistent voices for that generation to represent each of my characters.",benefit,absent,both,yes,no,no,no,yes,yes,2,1,1
Yuanye,user,Kling 3.0 Series,"1:07 ""Image Gneration"", the accent in ""desafío"" is mispronounced, it's not loading the accent. Other than that a SOTA product!",concern,absent,benefit,no,yes,no,no,yes,no,1,1,0
Yuanye,user,Kling 3.0 Series,It's too much. Something new every week.,absent,absent,concern,no,no,no,no,no,yes,0,1,-1
Yuanye,user,Kling 3.0 Series,"Being a director is having a perspective and a vision, not completely forfeiting your creativity to AI to do it for you",absent,concern,absent,no,no,no,yes,no,no,0,1,-1
Yuanye,user,Kling 3.0 Series,This is low key hilarious,absent,absent,absent,no,no,no,no,no,no,0,0,0
Yuanye,user,Kling 3.0 Series,Why is the free queue so busy?,absent,absent,concern,no,no,no,no,no,yes,0,1,-1
Yuanye,user,Kling 3.0 Series,"I don't know if it's the same everywhere with Kling 3.0 but the past 2 days the censorship of the model on higgsfield got so bad, you can't even generate any video with any realistic looking humans in it anymore.",absent,absent,concern,no,no,no,no,no,yes,0,1,-1
Yuanye,user,Kling 3.0 Series,3.0 is garbage. Probably will unsubscribe now.,absent,absent,concern,no,no,no,no,no,yes,0,1,-1
Yuanye,user,Kling 3.0 Series,FUCK AI,absent,absent,absent,no,no,no,no,no,no,0,0,0
Yuanye,user,Kling 3.0 Series,A detailed tutorial would be nice😉,absent,absent,benefit,no,no,no,no,yes,no,1,0,1
Yuanye,user,Kling 3.0 Series,I LOVE KLING. Been using it forever. But how do you get consistent voices ?,absent,absent,benefit,no,no,no,no,yes,no,1,0,1
Yuanye,user,Kling 3.0 Series,Kling !! Why cant we do ?? Motion control in 4k ?? I'm ready to pay higher amount. Pls pls pls release that model 😭😭😭😭,absent,absent,benefit,no,no,no,no,yes,no,1,0,1
Yuanye,user,Kling 3.0 Series,Great! Does it allow voice upload for consistant voice or?,absent,absent,benefit,no,no,no,no,yes,no,1,0,1
Yuanye,user,Kling 3.0 Series,"AI's unique colors are gradually disappearing, making it look more realistic.",benefit,absent,absent,yes,no,no,no,no,no,1,0,1
Yuanye,user,Kling 3.0 Series,man kling i would love yall do a movie series with kling lets see if it can past seedance 2.,absent,benefit,absent,no,no,yes,no,no,no,1,0,1
Yuanye,user,Kling 3.0 Series,"Very enjoyable ad. Kling is actually quite amazing when it comes to putting together video ads. Stuff that required a budget of thousands of dollars, now can be made with credits worth $10-$20. Can't wait to see the next steps of the progress!",absent,absent,benefit,no,no,no,no,yes,no,1,0,1
Yuanye,user,Kling 3.0 Series,"On you Kling app site I do not see that you can choose between these 3 models... Kling 3.0, Kling 3.0 Omni and 3.0 Motion Control.",absent,absent,concern,no,no,no,no,no,yes,0,1,-1
Yuanye,user,Kling 3.0 Series,Not too sure sure what im looking at here? those 2 guys at the beginning are real? This is so confusing to how all this is made?,concern,absent,absent,no,yes,no,no,no,no,0,1,-1
Yuanye,user,Kling 3.0 Series,this is like seedance 2.0 but this looks amazing wow,absent,absent,benefit,no,no,no,no,yes,no,1,0,1
Yuanye,user,Kling 3.0 Series,Amazing....thank you for your services this will change the course of history.,absent,absent,benefit,no,no,no,no,yes,no,1,0,1
Yuanye,user,Kling 3.0 Series,Perfect. My story AI video on channel,absent,benefit,absent,no,no,yes,no,no,no,1,0,1
Yuanye,user,Kling 3.0 Series,"I would pay to watch a whole series about this old man looking for his cat.
 
 (Edit: I might actually do it myself)",absent,benefit,absent,no,no,yes,no,no,no,1,0,1
Yuanye,user,Kling 3.0 Series,Absolutely CINEMA,absent,benefit,absent,no,no,yes,no,no,no,1,0,1
Yuanye,user,Kling 3.0 Series,"Kling 3 vs. Seedance 2 — stop playing it safe. Push the boundaries. Give us real :: video-to-video :: control, not just prompt gambling.
 Keep the original 3D mesh and geometry intact so advanced CGI artists and engineers can use it as a true render engine for the new era. Waiting for Kling 4.🔥",absent,both,benefit,no,no,yes,yes,yes,no,2,1,1
Yuanye,user,Kling 3.0 Series,I don't see it on AWS Bedrock... you are not fully rolled out yet?,absent,absent,concern,no,no,no,no,no,yes,0,1,-1
Yuanye,user,Kling 3.0 Series,"Wow! Incredible progress, I love it!",absent,absent,benefit,no,no,no,no,yes,no,1,0,1
Yuanye,user,Kling 3.0 Series,Can't believe this is the reason personal computing is becoming extinct,absent,concern,absent,no,no,no,yes,no,no,0,1,-1
Zhenming,user,Veo 3,We are so screwed 🌂,absent,absent,absent,no,no,no,no,no,no,0,0,0
Zhenming,user,Veo 3,REAL??,absent,absent,absent,no,no,no,no,no,no,0,0,0
Zhenming,user,Veo 3,seeing this as a 3d student… I am cooked,absent,absent,absent,no,no,no,no,no,no,0,0,0
Zhenming,user,Veo 3,We are a few years away from political slanders generated using AI,concern,absent,absent,no,yes,no,no,no,no,0,1,-1
Zhenming,user,Veo 3,Oh no. Who is gonna blackwashing European fairytales now,absent,absent,absent,no,no,no,no,no,no,0,0,0
Zhenming,user,Veo 3,No need for actors now,absent,concern,absent,no,no,no,yes,no,no,0,1,-1
Zhenming,user,Veo 3,"C'mon Google, it's ""anchors aweigh"". If only there were a place to look that up right quick",concern,absent,absent,no,yes,no,no,no,no,0,1,-1
Zhenming,user,Veo 3,now we can make dragon ball moview ourself,absent,benefit,absent,no,no,yes,no,no,no,1,0,1
Zhenming,user,Veo 3,It took me a while to realize this is AI 🤖,benefit,absent,absent,yes,no,no,no,no,no,1,0,1
Zhenming,user,Veo 3,The government needs to do something otherwise we are all jobless 😂,absent,concern,absent,no,no,no,yes,no,no,0,1,-1
Zhenming,user,Veo 3,we are cooked ☠️,absent,absent,absent,no,no,no,no,no,no,0,0,0
Zhenming,user,Veo 3,I still can’t get sound,absent,absent,absent,no,no,no,no,no,no,0,0,0
Zhenming,user,Veo 3,I remembered when photoshop came out..this is normal same thing as photoshop. .Few decades ago but why be surprised with A.l.just starting. Flow,absent,absent,absent,no,no,no,no,no,no,0,0,0
Zhenming,user,Veo 3,Creepy,absent,absent,absent,no,no,no,no,no,no,0,0,0
Zhenming,user,Veo 3,"Were cooked, the ai talkiny actually sounds like it has emotion",benefit,absent,absent,yes,no,no,no,no,no,1,0,1
Zhenming,user,Veo 3,"""don't give up, you've got a reason to live"" very subtle, Google",absent,absent,absent,no,no,no,no,no,no,0,0,0
Zhenming,user,Veo 3,This is mind blowing,absent,absent,absent,no,no,no,no,no,no,0,0,0
Zhenming,user,Veo 3,Imagine in 10 years we have to watch ai generated movies 😞,absent,concern,absent,no,no,no,yes,no,no,0,1,-1
Zhenming,user,Veo 3,So this year's I/O keynote is just going to be another couple hours of shoving AI slop down our throats. Thank God I'm skipping it yet again then.,absent,absent,absent,no,no,no,no,no,no,0,0,0
Zhenming,user,Veo 3,"No actors needed anymore for the movies, and no more vlogger needed to create any channels, and no more news anchor needed to report news. 👍👌",absent,concern,absent,no,no,no,yes,no,no,0,1,-1
Zhenming,user,Veo 3,HOT SOULLESS AI SLOP,absent,absent,absent,no,no,no,no,no,no,0,0,0
Zhenming,user,Veo 3,It doesn't look like AI-generated,benefit,absent,absent,yes,no,no,no,no,no,1,0,1
Zhenming,user,Veo 3,"Not only is this absolutely soulless AI Slop, but its millennial cringe with the emphasis on capybaras and otters.",absent,absent,absent,no,no,no,no,no,no,0,0,0
Zhenming,user,Veo 3,Google releasing movies now?,absent,absent,absent,no,no,no,no,no,no,0,0,0
Zhenming,user,Veo 3,"i need better than Minority Reports, i need layers and colors and just much complex room if digitial worhsip room.",absent,absent,concern,no,no,no,no,no,yes,0,1,-1
Zhenming,user,Veo 3,"Was this video idea requested by a viewer & why ? Or ,is this merely an example demo of what's available, /possible +/-.?",absent,absent,absent,no,no,no,no,no,no,0,0,0
Zhenming,user,Veo 3,"Been a while since i disliked a video.
 Who did not like this?
 Like this comment.",absent,absent,absent,no,no,no,no,no,no,0,0,0
Zhenming,user,Veo 3,Funny that in order to make the video more appealing they ended up resorting to human-made music. Let's not be tricked. Any emotion you might feel from this video comes from the song and not from the AI soulless slop.,concern,concern,absent,no,yes,no,yes,no,no,0,2,-2
Zhenming,user,Veo 3,But where's will smith eating pasta?,concern,absent,absent,no,yes,no,no,no,no,0,1,-1
Zhenming,user,Veo 3,Brainrot Google before GTA 6 is crazy,absent,absent,absent,no,no,no,no,no,no,0,0,0
Zhenming,user,Veo 3,"They made everything using using AI , but not their logo in the last, not the animation used in the logo, they made using after effects why? Because they also know , AI can only create what it like and what's look good , but AI can never create something we want it to create...🙏",absent,concern,absent,no,no,no,yes,no,no,0,1,-1
Zhenming,user,Veo 3,"As a VFX artist, filmmaker, and 3D creator here on youtube....this video gives me hope that our industry will be needed more than ever to create content that is actually directable and not just AI slop. Very cool tech....but limited use cases for now.",absent,both,concern,no,no,yes,yes,no,yes,1,2,-1
Zhenming,user,Veo 3,This is scary...,absent,absent,absent,no,no,no,no,no,no,0,0,0
Zhenming,user,Veo 3,"There are surely people here who find the critisisms to Google repulsive when they've created a brilliant breakthrough, so I would like to explain why people don't like this:
 
 This guarantees that in the future, you won't know if there is a human soul that created the very media you are enjoying, and there is a despair to that; to know that you are in fact, alone. Though very lacking, there is at least a human connection from people who make non generative content, and that very menial connection, is lost. Human art becomes more shallow as it loses human touch, and in modern fantasy terms, Google is committing Necromancy",concern,concern,absent,no,yes,no,yes,no,no,0,2,-2
Zhenming,user,Veo 3,"You can tell that the techo-facists who produced this think they're creative geniuses when this is perhaps the most inane thing that could ever be connived of. These companies try to sell us on the ""endless possibilities"" of this tech but then give us sloppily rendered banality.",absent,concern,absent,no,no,no,yes,no,no,0,1,-1
Zhenming,user,Veo 3,"Good. Finally, i can create my own Alien Movie f... Ridley Scott 😂😂😂",absent,benefit,absent,no,no,yes,no,no,no,1,0,1
Zhenming,user,Veo 3,Still has plenty of AI vibe to fix,absent,absent,absent,no,no,no,no,no,no,0,0,0
Zhenming,user,Veo 3,"As a designer and animator, I genuinely welcome tools that can turn typing into reality — but after four years, the one thing that hasn’t changed is that unmistakable “AI-visual greasiness.” :face-blue-wide-eyes:",concern,absent,concern,no,yes,no,no,no,yes,0,2,-2
Zhenming,user,Veo 3,ai slop,absent,absent,absent,no,no,no,no,no,no,0,0,0
Zhenming,user,Veo 3,"Google turned off comment section of ""Google I/O '25 Keynote""
 
 Very welcoming...",absent,absent,absent,no,no,no,no,no,no,0,0,0
Zhenming,user,Veo 3,"People's ignorance these days is reaching insanity. Veo 2 was released half a year ago and already was and partially is STILL SOTA and now Google is releasing Veo 3?! Like what?! That's an insane speed! And the video quality is beyond amazing. The speed of progressive is absolutely insane and people don't realize it.
 Google is gonna win the race for sure.",absent,absent,benefit,no,no,no,no,yes,no,1,0,1
Zhenming,user,Veo 3,"i really love AI if it is useful and used responsibly, not commercially like sell sugary soda and processed food
 i see in 10-20 years we have the ORGANIC revolution without phones, AI, human sppaces in the internet, full human art etc... consumed by 12% of humanity while the rest will be eating AI junk info
 still, AI is good in itself but we should stop this madness like we should have before sugary drinks and pesticides
 but i guess AI doctors will be able to diagnose diabetes from vioce soon, YEAH!
 and recommend organic food and how to avoid junk...",absent,both,absent,no,no,yes,yes,no,no,1,1,0
Zhenming,user,Veo 3,We're doomed!!!,absent,absent,absent,no,no,no,no,no,no,0,0,0
Zhenming,user,Veo 3,"Why everything feels like AAA gameplay graphics.
 There A.I. are actually trained on real video or Video games.?",absent,absent,absent,no,no,no,no,no,no,0,0,0
Zhenming,user,Veo 3,"Wow, smeary 1080p has finally arrived",absent,absent,concern,no,no,no,no,no,yes,0,1,-1
Zhenming,user,Veo 3,Time to change the field,absent,absent,absent,no,no,no,no,no,no,0,0,0
Zhenming,user,Veo 3,Audiovisual... Illustration... Super,absent,absent,absent,no,no,no,no,no,no,0,0,0
Zhenming,user,Veo 3,This feels very unsettling and sad...I hope this isn't the sort of art we have to look forward to in the future. Props to all the hard problem-solving that went into making this but the end product truly is very depressing :(,absent,concern,absent,no,no,no,yes,no,no,0,1,-1
Zhenming,user,Veo 3,"Well, well... music still generated by humans? Deceitful, Google!",absent,concern,absent,no,no,no,yes,no,no,0,1,-1
Zhenming,user,Veo 3,"You guys are setting up yourselves for apple to be like "" we do human works for our human users "" because this comes around as cheap glass passed up as dismonds",absent,concern,absent,no,no,no,yes,no,no,0,1,-1